{
    "name": "direction",
    "roles": [
        "direction"
    ],
    "lookups": [
        "free-text",
        "keywords"
    ],
    "keywords": [
        {
            "keyword": "action",
            "synonyms": [
                "action"
            ]
        },
        {
            "keyword": "backflip",
            "synonyms": [
                "back",
                "backflip"
            ]
        },
        {
            "keyword": "behind",
            "synonyms": [
                "backward",
                "behind"
            ]
        },
        {
            "keyword": "left",
            "synonyms": [
                "left"
            ]
        },
        {
            "keyword": "right",
            "synonyms": [
                "right"
            ]
        },
        {
            "keyword": "straight",
            "synonyms": [
                "ahead",
                "in front of",
                "straight"
            ]
        }
    ]
}
