{
    "name": "person",
    "roles": [
        "person"
    ],
    "lookups": [
        "free-text",
        "keywords"
    ],
    "keywords": [
        {
            "keyword": "bob",
            "synonyms": [
                "bob"
            ]
        },
        {
            "keyword": "onar",
            "synonyms": [
                "onar"
            ]
        },
        {
            "keyword": "robot",
            "synonyms": [
                "robot"
            ]
        },
        {
            "keyword": "you",
            "synonyms": [
                "you"
            ]
        }
    ]
}
