{
    "utterances": [
        {
            "text": "Bob ",
            "entities": [],
            "traits": []
        },
        {
            "text": "backflip",
            "entities": [
                {
                    "entity": "direction:direction",
                    "start": 0,
                    "end": 8,
                    "body": "backflip",
                    "entities": []
                }
            ],
            "traits": []
        },
        {
            "text": "behind",
            "entities": [
                {
                    "entity": "direction:direction",
                    "start": 0,
                    "end": 6,
                    "body": "behind",
                    "entities": []
                }
            ],
            "traits": [],
            "intent": "go"
        },
        {
            "text": "bob pick up the object behind you",
            "entities": [
                {
                    "entity": "person:person",
                    "start": 0,
                    "end": 3,
                    "body": "bob",
                    "entities": []
                },
                {
                    "entity": "subject:subject",
                    "start": 16,
                    "end": 22,
                    "body": "object",
                    "entities": []
                },
                {
                    "entity": "person:person",
                    "start": 30,
                    "end": 33,
                    "body": "you",
                    "entities": []
                },
                {
                    "entity": "direction:direction",
                    "start": 23,
                    "end": 29,
                    "body": "behind",
                    "entities": []
                }
            ],
            "traits": []
        },
        {
            "text": "catch the object on your right",
            "entities": [
                {
                    "entity": "subject:subject",
                    "start": 10,
                    "end": 16,
                    "body": "object",
                    "entities": []
                },
                {
                    "entity": "person:person",
                    "start": 20,
                    "end": 23,
                    "body": "you",
                    "entities": []
                },
                {
                    "entity": "direction:direction",
                    "start": 25,
                    "end": 30,
                    "body": "right",
                    "entities": []
                }
            ],
            "traits": [],
            "intent": "pick"
        },
        {
            "text": "done",
            "entities": [],
            "traits": [],
            "intent": "stop"
        },
        {
            "text": "get the ball in front of you",
            "entities": [
                {
                    "entity": "direction:direction",
                    "start": 13,
                    "end": 24,
                    "body": "in front of",
                    "entities": []
                },
                {
                    "entity": "person:person",
                    "start": 25,
                    "end": 28,
                    "body": "you",
                    "entities": []
                }
            ],
            "traits": [],
            "intent": "pick"
        },
        {
            "text": "get the book in front of you at 30 meter",
            "entities": [
                {
                    "entity": "person:person",
                    "start": 25,
                    "end": 28,
                    "body": "you",
                    "entities": []
                },
                {
                    "entity": "wit$distance:distance",
                    "start": 32,
                    "end": 40,
                    "body": "30 meter",
                    "entities": []
                }
            ],
            "traits": [],
            "intent": "pick"
        },
        {
            "text": "get the object",
            "entities": [
                {
                    "entity": "subject:subject",
                    "start": 8,
                    "end": 14,
                    "body": "object",
                    "entities": []
                }
            ],
            "traits": [],
            "intent": "pick"
        },
        {
            "text": "go",
            "entities": [
                {
                    "entity": "direction:direction",
                    "start": 0,
                    "end": 2,
                    "body": "go",
                    "entities": []
                }
            ],
            "traits": [],
            "intent": "go"
        },
        {
            "text": "go ",
            "entities": [],
            "traits": []
        },
        {
            "text": "go ahead",
            "entities": [],
            "traits": []
        },
        {
            "text": "go backward for 30 second, turn right and pick the object in fron of you",
            "entities": [
                {
                    "entity": "wit$duration:duration",
                    "start": 16,
                    "end": 25,
                    "body": "30 second",
                    "entities": []
                },
                {
                    "entity": "direction:direction",
                    "start": 32,
                    "end": 37,
                    "body": "right",
                    "entities": []
                },
                {
                    "entity": "subject:subject",
                    "start": 51,
                    "end": 57,
                    "body": "object",
                    "entities": []
                },
                {
                    "entity": "person:person",
                    "start": 69,
                    "end": 72,
                    "body": "you",
                    "entities": []
                },
                {
                    "entity": "direction:direction",
                    "start": 3,
                    "end": 11,
                    "body": "backward",
                    "entities": []
                }
            ],
            "traits": [],
            "intent": "pick"
        },
        {
            "text": "go behind",
            "entities": [
                {
                    "entity": "direction:direction",
                    "start": 3,
                    "end": 9,
                    "body": "behind",
                    "entities": []
                }
            ],
            "traits": [],
            "intent": "go"
        },
        {
            "text": "go for 20 minutes",
            "entities": [
                {
                    "entity": "wit$duration:duration",
                    "start": 7,
                    "end": 17,
                    "body": "20 minutes",
                    "entities": []
                }
            ],
            "traits": []
        },
        {
            "text": "go for 30 meter",
            "entities": [
                {
                    "entity": "wit$distance:distance",
                    "start": 7,
                    "end": 15,
                    "body": "30 meter",
                    "entities": []
                }
            ],
            "traits": [],
            "intent": "go"
        },
        {
            "text": "go for 30 minutes",
            "entities": [
                {
                    "entity": "wit$duration:duration",
                    "start": 7,
                    "end": 17,
                    "body": "30 minutes",
                    "entities": []
                }
            ],
            "traits": [],
            "intent": "go"
        },
        {
            "text": "go left",
            "entities": [
                {
                    "entity": "direction:direction",
                    "start": 3,
                    "end": 7,
                    "body": "left",
                    "entities": []
                }
            ],
            "traits": [],
            "intent": "go"
        },
        {
            "text": "go left and pick the object",
            "entities": [
                {
                    "entity": "direction:direction",
                    "start": 3,
                    "end": 7,
                    "body": "left",
                    "entities": []
                },
                {
                    "entity": "subject:subject",
                    "start": 21,
                    "end": 27,
                    "body": "object",
                    "entities": []
                }
            ],
            "traits": [],
            "intent": "pick"
        },
        {
            "text": "go left for 30 meter",
            "entities": [
                {
                    "entity": "direction:direction",
                    "start": 3,
                    "end": 7,
                    "body": "left",
                    "entities": []
                },
                {
                    "entity": "wit$distance:distance",
                    "start": 12,
                    "end": 20,
                    "body": "30 meter",
                    "entities": []
                }
            ],
            "traits": [],
            "intent": "go"
        },
        {
            "text": "go straight",
            "entities": [
                {
                    "entity": "direction:direction",
                    "start": 0,
                    "end": 2,
                    "body": "go",
                    "entities": []
                },
                {
                    "entity": "direction:direction",
                    "start": 3,
                    "end": 11,
                    "body": "straight",
                    "entities": []
                }
            ],
            "traits": [],
            "intent": "go"
        },
        {
            "text": "go straight for  50 centimeter",
            "entities": [
                {
                    "entity": "direction:direction",
                    "start": 3,
                    "end": 11,
                    "body": "straight",
                    "entities": []
                },
                {
                    "entity": "wit$distance:distance",
                    "start": 17,
                    "end": 30,
                    "body": "50 centimeter",
                    "entities": []
                }
            ],
            "traits": [],
            "intent": "go"
        },
        {
            "text": "go straight for 10 meter",
            "entities": [
                {
                    "entity": "wit$distance:distance",
                    "start": 16,
                    "end": 24,
                    "body": "10 meter",
                    "entities": []
                },
                {
                    "entity": "direction:direction",
                    "start": 0,
                    "end": 2,
                    "body": "go",
                    "entities": []
                }
            ],
            "traits": [],
            "intent": "go"
        },
        {
            "text": "go straight for 50 centimeter",
            "entities": [
                {
                    "entity": "direction:direction",
                    "start": 3,
                    "end": 11,
                    "body": "straight",
                    "entities": []
                },
                {
                    "entity": "wit$distance:distance",
                    "start": 16,
                    "end": 29,
                    "body": "50 centimeter",
                    "entities": []
                }
            ],
            "traits": [],
            "intent": "go"
        },
        {
            "text": "go taiking that object in front of you",
            "entities": [
                {
                    "entity": "subject:subject",
                    "start": 16,
                    "end": 22,
                    "body": "object",
                    "entities": []
                },
                {
                    "entity": "direction:direction",
                    "start": 23,
                    "end": 34,
                    "body": "in front of",
                    "entities": []
                },
                {
                    "entity": "person:person",
                    "start": 35,
                    "end": 38,
                    "body": "you",
                    "entities": []
                }
            ],
            "traits": [],
            "intent": "pick"
        },
        {
            "text": "leave the glass after 20 second at your left",
            "entities": [
                {
                    "entity": "wit$duration:duration",
                    "start": 22,
                    "end": 31,
                    "body": "20 second",
                    "entities": []
                },
                {
                    "entity": "person:person",
                    "start": 35,
                    "end": 38,
                    "body": "you",
                    "entities": []
                },
                {
                    "entity": "direction:direction",
                    "start": 40,
                    "end": 44,
                    "body": "left",
                    "entities": []
                }
            ],
            "traits": [],
            "intent": "put"
        },
        {
            "text": "leave the object",
            "entities": [
                {
                    "entity": "subject:subject",
                    "start": 10,
                    "end": 16,
                    "body": "object",
                    "entities": []
                }
            ],
            "traits": [],
            "intent": "put"
        },
        {
            "text": "left",
            "entities": [
                {
                    "entity": "direction:direction",
                    "start": 0,
                    "end": 4,
                    "body": "left",
                    "entities": []
                }
            ],
            "traits": []
        },
        {
            "text": "left for 300 meters",
            "entities": [
                {
                    "entity": "wit$distance:distance",
                    "start": 9,
                    "end": 19,
                    "body": "300 meters",
                    "entities": []
                },
                {
                    "entity": "direction:direction",
                    "start": 0,
                    "end": 4,
                    "body": "left",
                    "entities": []
                }
            ],
            "traits": [],
            "intent": "go"
        },
        {
            "text": "onar go left",
            "entities": [
                {
                    "entity": "direction:direction",
                    "start": 8,
                    "end": 12,
                    "body": "left",
                    "entities": []
                },
                {
                    "entity": "person:person",
                    "start": 0,
                    "end": 4,
                    "body": "onar",
                    "entities": []
                }
            ],
            "traits": [],
            "intent": "go"
        },
        {
            "text": "pick the object in front of you",
            "entities": [
                {
                    "entity": "subject:subject",
                    "start": 9,
                    "end": 15,
                    "body": "object",
                    "entities": []
                },
                {
                    "entity": "direction:direction",
                    "start": 16,
                    "end": 27,
                    "body": "in front of",
                    "entities": []
                },
                {
                    "entity": "person:person",
                    "start": 28,
                    "end": 31,
                    "body": "you",
                    "entities": []
                }
            ],
            "traits": [],
            "intent": "pick"
        },
        {
            "text": "pick the train behind you",
            "entities": [
                {
                    "entity": "direction:direction",
                    "start": 15,
                    "end": 21,
                    "body": "behind",
                    "entities": []
                },
                {
                    "entity": "person:person",
                    "start": 22,
                    "end": 25,
                    "body": "you",
                    "entities": []
                }
            ],
            "traits": [],
            "intent": "pick"
        },
        {
            "text": "pick up the ball at your left",
            "entities": [
                {
                    "entity": "person:person",
                    "start": 20,
                    "end": 23,
                    "body": "you",
                    "entities": []
                },
                {
                    "entity": "direction:direction",
                    "start": 25,
                    "end": 29,
                    "body": "left",
                    "entities": []
                }
            ],
            "traits": [],
            "intent": "pick"
        },
        {
            "text": "pick up the glass in front of you",
            "entities": [
                {
                    "entity": "subject:subject",
                    "start": 12,
                    "end": 17,
                    "body": "glass",
                    "entities": []
                },
                {
                    "entity": "person:person",
                    "start": 30,
                    "end": 33,
                    "body": "you",
                    "entities": []
                }
            ],
            "traits": [],
            "intent": "pick"
        },
        {
            "text": "pick up the object in fornt of you",
            "entities": [
                {
                    "entity": "subject:subject",
                    "start": 12,
                    "end": 18,
                    "body": "object",
                    "entities": []
                },
                {
                    "entity": "person:person",
                    "start": 31,
                    "end": 34,
                    "body": "you",
                    "entities": []
                }
            ],
            "traits": [],
            "intent": "pick"
        },
        {
            "text": "pick up the object in fron of you",
            "entities": [
                {
                    "entity": "person:person",
                    "start": 30,
                    "end": 33,
                    "body": "you",
                    "entities": []
                },
                {
                    "entity": "subject:subject",
                    "start": 12,
                    "end": 18,
                    "body": "object",
                    "entities": []
                }
            ],
            "traits": [],
            "intent": "pick"
        },
        {
            "text": "pick up the object in front of you",
            "entities": [
                {
                    "entity": "subject:subject",
                    "start": 12,
                    "end": 18,
                    "body": "object",
                    "entities": []
                },
                {
                    "entity": "person:person",
                    "start": 31,
                    "end": 34,
                    "body": "you",
                    "entities": []
                },
                {
                    "entity": "direction:direction",
                    "start": 19,
                    "end": 30,
                    "body": "in front of",
                    "entities": []
                }
            ],
            "traits": [],
            "intent": "pick"
        },
        {
            "text": "pick up the object that is in front of  you",
            "entities": [
                {
                    "entity": "subject:subject",
                    "start": 11,
                    "end": 18,
                    "body": " object",
                    "entities": []
                },
                {
                    "entity": "direction:direction",
                    "start": 26,
                    "end": 39,
                    "body": " in front of ",
                    "entities": []
                },
                {
                    "entity": "person:person",
                    "start": 40,
                    "end": 43,
                    "body": "you",
                    "entities": []
                }
            ],
            "traits": []
        },
        {
            "text": "pick up the objects in front of you",
            "entities": [
                {
                    "entity": "subject:subject",
                    "start": 12,
                    "end": 18,
                    "body": "object",
                    "entities": []
                },
                {
                    "entity": "direction:direction",
                    "start": 20,
                    "end": 31,
                    "body": "in front of",
                    "entities": []
                },
                {
                    "entity": "person:person",
                    "start": 32,
                    "end": 35,
                    "body": "you",
                    "entities": []
                }
            ],
            "traits": [],
            "intent": "pick"
        },
        {
            "text": "put",
            "entities": [],
            "traits": [],
            "intent": "put"
        },
        {
            "text": "put down",
            "entities": [],
            "traits": [],
            "intent": "put"
        },
        {
            "text": "put down the dog you",
            "entities": [
                {
                    "entity": "person:person",
                    "start": 17,
                    "end": 20,
                    "body": "you",
                    "entities": []
                }
            ],
            "traits": [],
            "intent": "put"
        },
        {
            "text": "put down the object",
            "entities": [
                {
                    "entity": "subject:subject",
                    "start": 13,
                    "end": 19,
                    "body": "object",
                    "entities": []
                }
            ],
            "traits": [],
            "intent": "put"
        },
        {
            "text": "put the train 300 meters to left",
            "entities": [
                {
                    "entity": "wit$distance:distance",
                    "start": 14,
                    "end": 24,
                    "body": "300 meters",
                    "entities": []
                },
                {
                    "entity": "direction:direction",
                    "start": 28,
                    "end": 32,
                    "body": "left",
                    "entities": []
                }
            ],
            "traits": [],
            "intent": "put"
        },
        {
            "text": "release the object",
            "entities": [
                {
                    "entity": "subject:subject",
                    "start": 12,
                    "end": 18,
                    "body": "object",
                    "entities": []
                }
            ],
            "traits": [],
            "intent": "put"
        },
        {
            "text": "robot go left",
            "entities": [
                {
                    "entity": "direction:direction",
                    "start": 9,
                    "end": 13,
                    "body": "left",
                    "entities": []
                },
                {
                    "entity": "person:person",
                    "start": 0,
                    "end": 5,
                    "body": "robot",
                    "entities": []
                }
            ],
            "traits": [],
            "intent": "go"
        },
        {
            "text": "run left",
            "entities": [
                {
                    "entity": "direction:direction",
                    "start": 4,
                    "end": 8,
                    "body": "left",
                    "entities": []
                }
            ],
            "traits": [],
            "intent": "go"
        },
        {
            "text": "run right",
            "entities": [
                {
                    "entity": "direction:direction",
                    "start": 4,
                    "end": 9,
                    "body": "right",
                    "entities": []
                }
            ],
            "traits": [],
            "intent": "go"
        },
        {
            "text": "stop",
            "entities": [],
            "traits": [],
            "intent": "stop"
        },
        {
            "text": "stop your action",
            "entities": [
                {
                    "entity": "direction:direction",
                    "start": 10,
                    "end": 16,
                    "body": "action",
                    "entities": []
                },
                {
                    "entity": "person:person",
                    "start": 5,
                    "end": 8,
                    "body": "you",
                    "entities": []
                }
            ],
            "traits": [],
            "intent": "stop"
        },
        {
            "text": "take the object behind you",
            "entities": [
                {
                    "entity": "subject:subject",
                    "start": 9,
                    "end": 15,
                    "body": "object",
                    "entities": []
                },
                {
                    "entity": "direction:direction",
                    "start": 16,
                    "end": 22,
                    "body": "behind",
                    "entities": []
                },
                {
                    "entity": "person:person",
                    "start": 23,
                    "end": 26,
                    "body": "you",
                    "entities": []
                }
            ],
            "traits": [],
            "intent": "pick"
        },
        {
            "text": "take them back",
            "entities": [
                {
                    "entity": "direction:direction",
                    "start": 10,
                    "end": 14,
                    "body": "back",
                    "entities": []
                }
            ],
            "traits": [],
            "intent": "put"
        },
        {
            "text": "turn left",
            "entities": [
                {
                    "entity": "direction:direction",
                    "start": 5,
                    "end": 9,
                    "body": "left",
                    "entities": []
                }
            ],
            "traits": [],
            "intent": "turn"
        },
        {
            "text": "turn left and go  for 20 minutes",
            "entities": [
                {
                    "entity": "direction:direction",
                    "start": 5,
                    "end": 9,
                    "body": "left",
                    "entities": []
                }
            ],
            "traits": [],
            "intent": "turn"
        },
        {
            "text": "turn left, and go forward",
            "entities": [
                {
                    "entity": "direction:direction",
                    "start": 5,
                    "end": 9,
                    "body": "left",
                    "entities": []
                }
            ],
            "traits": [],
            "intent": "go"
        },
        {
            "text": "turn right",
            "entities": [
                {
                    "entity": "direction:direction",
                    "start": 5,
                    "end": 10,
                    "body": "right",
                    "entities": []
                }
            ],
            "traits": [],
            "intent": "turn"
        },
        {
            "text": "turn right and go for 300 meters",
            "entities": [
                {
                    "entity": "direction:direction",
                    "start": 5,
                    "end": 10,
                    "body": "right",
                    "entities": []
                },
                {
                    "entity": "wit$distance:distance",
                    "start": 22,
                    "end": 32,
                    "body": "300 meters",
                    "entities": []
                }
            ],
            "traits": []
        }
    ]
}
